Name,Feature,Type,ML,Accuracy,Recall,Precision,F1,MLTime,Otime,Estimate Time
Holding Styles,Max,802,ETC100,100.0,100.0,100.0,100.0,0.3899970054626465,0.4,0.79
Holding Styles,Max,802,ETC50,100.0,100.0,100.0,100.0,0.20916128158569336,0.4,0.61
Holding Styles,Max,802,ETC25,100.0,100.0,100.0,100.0,0.11959052085876465,0.4,0.52
Holding Styles,Max,802,ETC10,100.0,100.0,100.0,100.0,0.06418418884277344,0.4,0.46
Holding Styles,Max,802,RFC100,100.0,100.0,100.0,100.0,0.9519014358520508,0.4,1.35
Holding Styles,Max,802,RFC50,100.0,100.0,100.0,100.0,0.491300106048584,0.4,0.89
Holding Styles,Max,802,RFC25,100.0,100.0,100.0,100.0,0.2624192237854004,0.4,0.66
Holding Styles,Max,802,RFC10,100.0,100.0,100.0,100.0,0.12584424018859866,0.4,0.53
