Name,Feature,Type,ML,Accuracy,Recall,Precision,F1,MLTime,Otime,Estimate Time
Moving,Max,802,ETC100,99.34,98.49,99.59,99.03,0.7541396617889404,0.4,1.15
Moving,Max,802,ETC50,99.37,98.61,99.54,99.07,0.4003751277923584,0.4,0.8
Moving,Max,802,ETC25,99.02,97.98,99.17,98.57,0.2021355628967285,0.4,0.6
Moving,Max,802,ETC10,98.65,97.45,98.51,97.97,0.09065771102905272,0.4,0.49
Moving,Max,802,RFC100,97.81,95.41,98.07,96.7,2.9953017234802246,0.4,3.4
Moving,Max,802,RFC50,97.73,95.21,97.98,96.55,1.5103697776794434,0.4,1.91
Moving,Max,802,RFC25,97.54,94.97,97.73,96.31,0.7734901905059814,0.4,1.17
Moving,Max,802,RFC10,97.07,94.63,96.09,95.34,0.33066463470458984,0.4,0.73
