Name,Feature,Type,ML,Accuracy,Recall,Precision,F1,MLTime,Otime,Estimate Time
Non-Moving,Max,802,ETC100,100.0,100.0,100.0,100.0,0.19479894638061526,0.4,0.59
Non-Moving,Max,802,ETC50,100.0,100.0,100.0,100.0,0.10498809814453124,0.4,0.5
Non-Moving,Max,802,ETC25,100.0,100.0,100.0,100.0,0.060732603073120124,0.4,0.46
Non-Moving,Max,802,ETC10,100.0,100.0,100.0,100.0,0.03376269340515137,0.4,0.43
Non-Moving,Max,802,RFC100,100.0,100.0,100.0,100.0,0.4446024894714356,0.4,0.84
Non-Moving,Max,802,RFC50,100.0,100.0,100.0,100.0,0.2313108444213867,0.4,0.63
Non-Moving,Max,802,RFC25,100.0,100.0,100.0,100.0,0.12483930587768555,0.4,0.52
Non-Moving,Max,802,RFC10,100.0,100.0,100.0,100.0,0.05812311172485352,0.4,0.46
