Name,Feature,Type,ML,Accuracy,Recall,Precision,F1,MLTime,Otime,Estimate Time
Phone,Max,802,ETC100,100.0,100.0,100.0,100.0,0.10460567474365234,0.4,0.5
Phone,Max,802,ETC50,100.0,100.0,100.0,100.0,0.055020809173583984,0.4,0.46
Phone,Max,802,ETC25,100.0,100.0,100.0,100.0,0.028067588806152344,0.4,0.43
Phone,Max,802,ETC10,100.0,100.0,100.0,100.0,0.01249074935913086,0.4,0.41
Phone,Max,802,RFC100,99.72,99.72,99.73,99.72,0.20643234252929688,0.4,0.61
Phone,Max,802,RFC50,99.72,99.72,99.73,99.72,0.10392284393310547,0.4,0.5
Phone,Max,802,RFC25,99.72,99.72,99.73,99.72,0.05379605293273927,0.4,0.45
Phone,Max,802,RFC10,99.17,99.17,99.18,99.17,0.02262568473815918,0.4,0.42
