Name,Feature,Type,ML,Accuracy,Recall,Precision,F1,MLTime,Otime,Estimate Time
Phone,Max,802,DT,98.9,98.91,98.9,98.9,0.01012420654296875,0.4,0.41
Phone,Max,802,ETC10,100.0,100.0,100.0,100.0,0.01249074935913086,0.4,0.41
Phone,Max,802,RFC10,99.17,99.17,99.18,99.17,0.02262568473815918,0.4,0.42
