Name,Feature,Type,ML,Accuracy,Recall,Precision,F1,MLTime,Otime,Estimate Time
Total,Max,802,ETC100,97.25,94.33,97.73,95.91,1.6215920448303225,0.4,2.02
Total,Max,802,ETC50,97.12,93.81,97.63,95.58,0.8264193534851074,0.4,1.23
Total,Max,802,ETC25,96.97,93.37,97.62,95.31,0.4293203353881836,0.4,0.83
Total,Max,802,ETC10,96.7,93.1,97.63,95.16,0.19063448905944824,0.4,0.59
Total,Max,802,RFC100,96.22,93.09,96.92,94.86,6.864879608154298,0.4,7.26
Total,Max,802,RFC50,96.07,92.74,97.01,94.69,3.4239447116851807,0.4,3.82
Total,Max,802,RFC25,95.94,92.57,96.82,94.51,1.7459311485290527,0.4,2.15
Total,Max,802,RFC10,95.38,91.68,96.49,93.85,0.7061581611633301,0.4,1.11
